species	slug	runs	studies	taxids	top_inhibitors	sample_sheet	config_status	config	beta_species_dir	beta_assembly	beta_provider	beta_geneset_date	genome_fasta_url	gtf_url	reference_choice_note
Homo sapiens	homo_sapiens	4135	402	9606:4135	chx:2857;NA:840;frozen:239;harr:74;chx_harr:48;ltm:24;tig_chl:20;chl:10	sample_sheets/homo_sapiens_samplesheet.csv	beta_url_config	configs/homo_sapiens_beta_params.config	Homo_sapiens	GCA_000001405.29	ensembl	2026_04	https://ftp.ebi.ac.uk/pub/ensemblorganisms/Homo_sapiens/GCA_000001405.29/genome/unmasked.fa.gz	https://ftp.ebi.ac.uk/pub/ensemblorganisms/Homo_sapiens/GCA_000001405.29/ensembl/geneset/2026_04/genes.gtf.gz	GRCh38.p14 reference assembly
Mus musculus	mus_musculus	3684	232	10090:3684	NA:1951;chx:1456;frozen:172;harr:83;phenol-chloroform:12;lactim:4;emet:3;emetine:1	sample_sheets/mus_musculus_samplesheet.csv	beta_url_config	configs/mus_musculus_beta_params.config	Mus_musculus	GCA_000001635.9	ensembl	2026_04	https://ftp.ebi.ac.uk/pub/ensemblorganisms/Mus_musculus/GCA_000001635.9/genome/unmasked.fa.gz	https://ftp.ebi.ac.uk/pub/ensemblorganisms/Mus_musculus/GCA_000001635.9/ensembl/geneset/2026_04/genes.gtf.gz	GRCm39 reference assembly
Saccharomyces cerevisiae	saccharomyces_cerevisiae	1888	130	4932:1737;1247190:99;658763:32;580240:18;595493:2	NA:950;chx:631;frozen:262;puro:15;ltm:10;chx_tig:5;tunicamycin:4;aniso:3	sample_sheets/saccharomyces_cerevisiae_samplesheet.csv	beta_url_config	configs/saccharomyces_cerevisiae_beta_params.config	Saccharomyces_cerevisiae_S288c	GCA_000146045.2	community	2018_10	https://ftp.ebi.ac.uk/pub/ensemblorganisms/Saccharomyces_cerevisiae_S288c/GCA_000146045.2/genome/unmasked.fa.gz	https://ftp.ebi.ac.uk/pub/ensemblorganisms/Saccharomyces_cerevisiae_S288c/GCA_000146045.2/community/geneset/2018_10/genes.gtf.gz	S288C reference strain
Escherichia coli	escherichia_coli	730	46	562:559;511145:83;316407:32;679895:26;83333:15;511693:6;1403831:5;155864:2;591946:2	NA:652;chloram:36;frozen:24;chx:16;chl:2	sample_sheets/escherichia_coli_samplesheet.csv	beta_url_config	configs/escherichia_coli_beta_params.config	Escherichia_coli_str_k_12_substr_mg1655	GCA_000005845.2	community	2018_09	https://ftp.ebi.ac.uk/pub/ensemblorganisms/Escherichia_coli_str_k_12_substr_mg1655/GCA_000005845.2/genome/unmasked.fa.gz	https://ftp.ebi.ac.uk/pub/ensemblorganisms/Escherichia_coli_str_k_12_substr_mg1655/GCA_000005845.2/community/geneset/2018_09/genes.gtf.gz	K-12 MG1655 reference strain
Danio rerio	danio_rerio	567	9	7955:567	chx:521;NA:46	sample_sheets/danio_rerio_samplesheet.csv	beta_url_config	configs/danio_rerio_beta_params.config	Danio_rerio	GCA_000002035.4	ensembl	2018_04	https://ftp.ebi.ac.uk/pub/ensemblorganisms/Danio_rerio/GCA_000002035.4/genome/unmasked.fa.gz	https://ftp.ebi.ac.uk/pub/ensemblorganisms/Danio_rerio/GCA_000002035.4/ensembl/geneset/2018_04/genes.gtf.gz	GRCz11 reference assembly; newer strain assemblies exist but are not the standard reference
Zea mays	zea_mays	371	7	4577:371	NA:371	sample_sheets/zea_mays_samplesheet.csv	beta_url_config	configs/zea_mays_beta_params.config	Zea_mays	GCA_902167145.1	community	2019_12	https://ftp.ebi.ac.uk/pub/ensemblorganisms/Zea_mays/GCA_902167145.1/genome/unmasked.fa.gz	https://ftp.ebi.ac.uk/pub/ensemblorganisms/Zea_mays/GCA_902167145.1/community/geneset/2019_12/genes.gtf.gz	maize reference exposed by Ensembl Beta
Arabidopsis thaliana	arabidopsis_thaliana	298	33	3702:284;3701:14	NA:246;chx:45;chl:6;lactim:1	sample_sheets/arabidopsis_thaliana_samplesheet.csv	beta_url_config	configs/arabidopsis_thaliana_beta_params.config	Arabidopsis_thaliana	GCA_933208065.1	ensembl	2026_05	https://ftp.ebi.ac.uk/pub/ensemblorganisms/Arabidopsis_thaliana/GCA_933208065.1/genome/unmasked.fa.gz	https://ftp.ebi.ac.uk/pub/ensemblorganisms/Arabidopsis_thaliana/GCA_933208065.1/ensembl/geneset/2026_05/genes.gtf.gz	newest Arabidopsis Beta assembly/geneset
Caenorhabditis elegans	caenorhabditis_elegans	250	17	6239:250	NA:243;frozen:7	sample_sheets/caenorhabditis_elegans_samplesheet.csv	beta_url_config	configs/caenorhabditis_elegans_beta_params.config	Caenorhabditis_elegans	GCA_000002985.3	wormbase	2014_10	https://ftp.ebi.ac.uk/pub/ensemblorganisms/Caenorhabditis_elegans/GCA_000002985.3/genome/unmasked.fa.gz	https://ftp.ebi.ac.uk/pub/ensemblorganisms/Caenorhabditis_elegans/GCA_000002985.3/wormbase/geneset/2014_10/genes.gtf.gz	WormBase C. elegans reference
Drosophila melanogaster	drosophila_melanogaster	157	20	7227:157	NA:114;chx:35;frozen:6;chl:2	sample_sheets/drosophila_melanogaster_samplesheet.csv	beta_url_config	configs/drosophila_melanogaster_beta_params.config	Drosophila_melanogaster	GCA_000001215.4	flybase	2022_07	https://ftp.ebi.ac.uk/pub/ensemblorganisms/Drosophila_melanogaster/GCA_000001215.4/genome/unmasked.fa.gz	https://ftp.ebi.ac.uk/pub/ensemblorganisms/Drosophila_melanogaster/GCA_000001215.4/flybase/geneset/2022_07/genes.gtf.gz	FlyBase D. melanogaster reference
Schizosaccharomyces pombe	schizosaccharomyces_pombe	146	14	4896:120;284812:26	NA:132;chx:10;frozen:4	sample_sheets/schizosaccharomyces_pombe_samplesheet.csv	beta_mapping_failed								972h- reference strain; ERROR: no complete FASTA + genes.gtf.gz record found; assemblies=['GCA_000002945.2']
Rattus norvegicus	rattus_norvegicus	132	13	10116:132	NA:100;harr:15;chx:10;frozen:7	sample_sheets/rattus_norvegicus_samplesheet.csv	beta_url_config	configs/rattus_norvegicus_beta_params.config	Rattus_norvegicus	GCA_015227675.2	ensembl	2025_06	https://ftp.ebi.ac.uk/pub/ensemblorganisms/Rattus_norvegicus/GCA_015227675.2/genome/unmasked.fa.gz	https://ftp.ebi.ac.uk/pub/ensemblorganisms/Rattus_norvegicus/GCA_015227675.2/ensembl/geneset/2025_06/genes.gtf.gz	newest rat Beta assembly/geneset
Neurospora crassa	neurospora_crassa	94	4	5141:94	NA:86;chx:8	sample_sheets/neurospora_crassa_samplesheet.csv	beta_url_config	configs/neurospora_crassa_beta_params.config	Neurospora_crassa_or74a	GCA_000182925.2	community	2014_01	https://ftp.ebi.ac.uk/pub/ensemblorganisms/Neurospora_crassa_or74a/GCA_000182925.2/genome/unmasked.fa.gz	https://ftp.ebi.ac.uk/pub/ensemblorganisms/Neurospora_crassa_or74a/GCA_000182925.2/community/geneset/2014_01/genes.gtf.gz	OR74A reference strain
Cyprinus carpio	cyprinus_carpio	82	1	7962:82	NA:82	sample_sheets/cyprinus_carpio_samplesheet.csv	beta_url_config	configs/cyprinus_carpio_beta_params.config	Cyprinus_carpio	GCA_018340385.1	ensembl	2024_08	https://ftp.ebi.ac.uk/pub/ensemblorganisms/Cyprinus_carpio/GCA_018340385.1/genome/unmasked.fa.gz	https://ftp.ebi.ac.uk/pub/ensemblorganisms/Cyprinus_carpio/GCA_018340385.1/ensembl/geneset/2024_08/genes.gtf.gz	newest common carp Beta assembly/geneset
Bacillus subtilis	bacillus_subtilis	76	8	1423:64;224308:8;535026:4	NA:64;frozen:12	sample_sheets/bacillus_subtilis_samplesheet.csv	beta_url_config	configs/bacillus_subtilis_beta_params.config	Bacillus_subtilis_subsp_subtilis_str_168	GCA_000009045.1	community	2018_02	https://ftp.ebi.ac.uk/pub/ensemblorganisms/Bacillus_subtilis_subsp_subtilis_str_168/GCA_000009045.1/genome/unmasked.fa.gz	https://ftp.ebi.ac.uk/pub/ensemblorganisms/Bacillus_subtilis_subsp_subtilis_str_168/GCA_000009045.1/community/geneset/2018_02/genes.gtf.gz	subsp. subtilis str. 168 reference strain
Chlorocebus sabaeus	chlorocebus_sabaeus	72	2	60711:72	frozen:26;NA:24;chx:22	sample_sheets/chlorocebus_sabaeus_samplesheet.csv	beta_url_config	configs/chlorocebus_sabaeus_beta_params.config	Chlorocebus_sabaeus	GCA_000409795.2	ensembl	2015_02	https://ftp.ebi.ac.uk/pub/ensemblorganisms/Chlorocebus_sabaeus/GCA_000409795.2/genome/unmasked.fa.gz	https://ftp.ebi.ac.uk/pub/ensemblorganisms/Chlorocebus_sabaeus/GCA_000409795.2/ensembl/geneset/2015_02/genes.gtf.gz	green monkey Beta reference
Oryza sativa	oryza_sativa	70	6	4530:35;39947:35	NA:70	sample_sheets/oryza_sativa_samplesheet.csv	beta_url_config	configs/oryza_sativa_beta_params.config	Oryza_sativa_Japonica_Group	GCA_001433935.1	community	2019_06	https://ftp.ebi.ac.uk/pub/ensemblorganisms/Oryza_sativa_Japonica_Group/GCA_001433935.1/genome/unmasked.fa.gz	https://ftp.ebi.ac.uk/pub/ensemblorganisms/Oryza_sativa_Japonica_Group/GCA_001433935.1/community/geneset/2019_06/genes.gtf.gz	Japonica/Nipponbare rice reference group
Staphylococcus aureus	staphylococcus_aureus	60	7	1280:47;93061:9;426430:2;546342:2	NA:52;frozen:4;Retapamulin:4	sample_sheets/staphylococcus_aureus_samplesheet.csv	beta_url_config	configs/staphylococcus_aureus_beta_params.config	Staphylococcus_aureus_subsp_aureus_n315	GCA_000009645.1	community	2016_10	https://ftp.ebi.ac.uk/pub/ensemblorganisms/Staphylococcus_aureus_subsp_aureus_n315/GCA_000009645.1/genome/unmasked.fa.gz	https://ftp.ebi.ac.uk/pub/ensemblorganisms/Staphylococcus_aureus_subsp_aureus_n315/GCA_000009645.1/community/geneset/2016_10/genes.gtf.gz	N315 reference strain
Zymomonas mobilis	zymomonas_mobilis	60	1	264203:60	NA:60	sample_sheets/zymomonas_mobilis_samplesheet.csv	sample_sheet_only_no_beta_mapping								No Ensembl Beta mapping selected.
Candida albicans	candida_albicans	43	6	5476:43	NA:41;chx:2	sample_sheets/candida_albicans_samplesheet.csv	beta_url_config	configs/candida_albicans_beta_params.config	Candida_albicans_sc5314	GCA_000182965.3	community	2025_07	https://ftp.ebi.ac.uk/pub/ensemblorganisms/Candida_albicans_sc5314/GCA_000182965.3/genome/unmasked.fa.gz	https://ftp.ebi.ac.uk/pub/ensemblorganisms/Candida_albicans_sc5314/GCA_000182965.3/community/geneset/2025_07/genes.gtf.gz	SC5314 reference strain
Cricetulus griseus	cricetulus_griseus	40	3	10029:40	NA:16;harr:8;frozen:8;chx:8	sample_sheets/cricetulus_griseus_samplesheet.csv	beta_url_config	configs/cricetulus_griseus_beta_params.config	Cricetulus_griseus	GCA_003668045.2	ensembl	2023_01	https://ftp.ebi.ac.uk/pub/ensemblorganisms/Cricetulus_griseus/GCA_003668045.2/genome/unmasked.fa.gz	https://ftp.ebi.ac.uk/pub/ensemblorganisms/Cricetulus_griseus/GCA_003668045.2/ensembl/geneset/2023_01/genes.gtf.gz	Chinese hamster Beta reference
Oikopleura dioica	oikopleura_dioica	32	2	34765:32	NA:32	sample_sheets/oikopleura_dioica_samplesheet.csv	sample_sheet_only_no_beta_mapping								No Ensembl Beta mapping selected.
Streptomyces avermitilis	streptomyces_avermitilis	28	2	227882:28	NA:28	sample_sheets/streptomyces_avermitilis_samplesheet.csv	sample_sheet_only_no_beta_mapping								No Ensembl Beta mapping selected.
Streptomyces tsukubensis	streptomyces_tsukubensis	24	2	1114943:16;83656:8	NA:24	sample_sheets/streptomyces_tsukubensis_samplesheet.csv	sample_sheet_only_no_beta_mapping								No Ensembl Beta mapping selected.
Synechocystis	synechocystis	22	3	1148:16;1142:6	NA:22	sample_sheets/synechocystis_samplesheet.csv	beta_mapping_failed								PCC 6803 reference strain; ERROR: no complete FASTA + genes.gtf.gz record found; assemblies=['GCA_000009725.1']
Trypanosoma brucei	trypanosoma_brucei	22	3	5691:22	NA:22	sample_sheets/trypanosoma_brucei_samplesheet.csv	sample_sheet_only_no_beta_mapping								No Ensembl Beta mapping selected.
Gallus gallus	gallus_gallus	20	3	9031:20	NA:14;chx:6	sample_sheets/gallus_gallus_samplesheet.csv	beta_url_config	configs/gallus_gallus_beta_params.config	Gallus_gallus	GCA_027557775.1	ensembl	2023_06	https://ftp.ebi.ac.uk/pub/ensemblorganisms/Gallus_gallus/GCA_027557775.1/genome/unmasked.fa.gz	https://ftp.ebi.ac.uk/pub/ensemblorganisms/Gallus_gallus/GCA_027557775.1/ensembl/geneset/2023_06/genes.gtf.gz	chicken Beta reference
