sample	cluster	total_counts	detected_genes
SRR1062598	0	804880	17001
SRR1062614	0	804273	16844
SRR1062585	0	801834	16931
SRR1062621	0	801678	16882
SRR1062638	0	801503	16992
SRR1062596	0	800971	16885
SRR1062601	0	800386	16981
SRR1062627	0	799474	17000
SRR1062581	0	799074	16900
SRR1062634	0	799019	16919
SRR1062578	0	798725	16815
SRR1062608	0	798700	16820
SRR1062593	0	798140	16863
SRR1062624	0	797519	16872
SRR1062631	0	796501	16936
SRR1062612	0	796111	16906
SRR1062625	0	795951	16816
SRR1062587	0	794868	16846
SRR1062565	0	794599	16854
SRR1062618	0	794591	16801
SRR1062595	0	794495	16787
SRR1062558	0	794061	16917
SRR1062589	0	793817	16980
SRR1062557	0	793815	16897
SRR1062564	0	793184	16840
SRR1062579	0	792912	16821
SRR1062616	0	792617	16960
SRR1062594	0	792586	16788
SRR1062611	0	792462	16847
SRR1062580	0	791258	16881
SRR1062613	0	791044	16783
SRR1062563	0	791018	16807
SRR1062577	0	790123	16872
SRR1062620	0	790104	16915
SRR1062636	0	789989	16863
SRR1062633	0	789980	16985
SRR1062604	0	789930	16941
SRR1062619	0	789165	16840
SRR1062590	0	788776	16799
SRR1062628	0	788705	16800
SRR1062574	0	788201	16891
SRR1062559	0	788168	16786
SRR1062582	0	788136	16820
SRR1062573	0	788114	16824
SRR1062568	0	787981	17082
SRR1062605	0	787442	16882
SRR1062556	0	786135	16769
SRR1062569	0	785110	16767
SRR1062304	0	784860	16704
SRR1062617	0	784763	16754
SRR1062584	0	784223	16742
SRR1062306	0	783767	16809
SRR1062576	0	783662	16730
SRR1062615	0	783446	16711
SRR1062555	0	782654	16714
SRR1062630	0	782472	16756
SRR1062602	0	781823	16797
SRR1062607	0	781769	16681
SRR1062310	0	781647	16722
SRR1062308	0	781290	16793
SRR1062571	0	779877	16835
SRR1062303	0	778975	16689
SRR1062305	0	776057	16771
SRR1062307	0	773387	16765
SRR1062309	0	771493	16851
SRR1062637	0	718714	16779
SRR1062591	0	654629	16412
SRR1062570	0	642313	16968
SRR1062583	0	639998	16906
SRR1062629	0	639963	16894
SRR1062635	0	636297	16958
SRR1062566	0	632024	16799
SRR1062562	0	630029	16768
SRR1062572	0	629091	16812
SRR1062603	0	628102	16777
SRR1062599	0	627439	16832
SRR1062626	0	625830	16812
SRR1062606	0	625027	16360
SRR1062588	0	620316	16764
SRR1062586	0	618898	16783
SRR1062597	0	617550	16802
SRR1062609	0	617130	16721
SRR1062567	0	617129	16797
SRR1062610	0	614248	16706
SRR1062632	0	611329	16630
SRR1062600	0	611034	16659
SRR1062592	0	609196	16646
SRR1062561	0	608886	16664
SRR1062623	0	606722	16722
SRR1062560	0	584466	15974
SRR1062622	0	566339	15967
SRR1062575	0	472311	15532
SRR1062295	1	872279	17204
SRR1062301	1	871863	17329
SRR1062294	1	871546	16955
SRR1062297	1	871184	17229
SRR1062299	1	869512	17255
SRR1062296	1	867702	17133
SRR1062298	1	862784	17217
SRR1062300	1	862624	17211
SRR1062452	1	784651	15896
SRR1062440	1	784154	15980
SRR1062397	1	783712	15965
SRR1062407	1	783660	15818
SRR1062420	1	779524	15919
SRR1062428	1	779157	15837
SRR1062402	1	777892	15815
SRR1062403	1	777612	15860
SRR1062454	1	777267	15919
SRR1062418	1	777088	15842
SRR1062421	1	776712	15809
SRR1062453	1	776542	15852
SRR1062427	1	776326	15890
SRR1062446	1	776162	15888
SRR1062437	1	775807	15888
SRR1062445	1	775082	15861
SRR1062444	1	774546	15939
SRR1062405	1	774221	15905
SRR1062412	1	773881	15925
SRR1062447	1	773831	15885
SRR1062401	1	773671	15765
SRR1062430	1	773512	15882
SRR1062411	1	773048	15922
SRR1062419	1	773038	15858
SRR1062423	1	772878	15890
SRR1062436	1	772684	15838
SRR1062426	1	772213	15922
SRR1062451	1	772019	15864
SRR1062435	1	771788	15741
SRR1062449	1	771232	15868
SRR1062409	1	770983	15796
SRR1062417	1	770686	15830
SRR1062422	1	770587	15810
SRR1062396	1	770469	15791
SRR1062400	1	770232	15840
SRR1062410	1	769947	15726
SRR1062404	1	769743	15689
SRR1062416	1	769710	15826
SRR1062408	1	769348	15734
SRR1062448	1	769158	15893
SRR1062439	1	768945	15850
SRR1062438	1	768578	15919
SRR1062413	1	768270	15788
SRR1062414	1	768122	15843
SRR1062425	1	767966	15770
SRR1062399	1	767742	15779
SRR1062443	1	767388	15757
SRR1062441	1	767367	15904
SRR1062434	1	766266	15794
SRR1062432	1	766090	15808
SRR1062431	1	765371	15914
SRR1062286	1	765106	15809
SRR1062429	1	764460	15927
SRR1062288	1	763122	15759
SRR1062292	1	761892	15787
SRR1062290	1	759100	15732
SRR1062285	1	753149	15602
SRR1062287	1	748751	15848
SRR1062289	1	744249	15900
SRR1062291	1	741878	15903
SRR1062281	1	696744	13840
SRR1062280	1	696456	13883
SRR1062283	1	693664	13923
SRR1062282	1	691747	13913
SRR1062293	1	584522	15144
SRR1062450	1	569144	15015
SRR1062433	1	549524	14983
SRR1062424	1	503119	14678
SRR1062442	1	480745	14625
SRR1062406	1	479536	14431
SRR1062415	1	444464	14385
SRR1062212	2	543386	14163
SRR1062209	2	539368	14300
SRR1062208	2	536903	14216
SRR1062318	2	534792	14471
SRR1062207	2	533749	14139
SRR1062316	2	533384	14509
SRR1062211	2	533341	14354
SRR1062215	2	533083	14425
SRR1062213	2	531925	14036
SRR1062317	2	531788	14650
SRR1062202	2	527437	13766
SRR1062214	2	527285	14529
SRR1062205	2	526341	13678
SRR1062314	2	526236	13823
SRR1062201	2	526216	13443
SRR1062210	2	525388	14418
SRR1062312	2	525258	13698
SRR1062200	2	524986	13706
SRR1062204	2	523682	13850
SRR1062203	2	522716	13682
SRR1062197	2	522447	13683
SRR1062245	2	521863	13977
SRR1062313	2	521396	13847
SRR1062199	2	520724	13818
SRR1062249	2	520161	13994
SRR1062206	2	517922	13760
SRR1062251	2	514788	13920
SRR1062252	2	514108	13938
SRR1062250	2	512745	14010
SRR1062253	2	512719	13852
SRR1062255	2	511217	13916
SRR1062246	2	509822	13891
SRR1062244	2	509705	13873
SRR1062243	2	509437	13874
SRR1062256	2	507569	13664
SRR1062247	2	504287	13686
SRR1062270	2	503251	14527
SRR1062254	2	503034	13727
SRR1062263	2	501456	14498
SRR1062258	2	497498	14388
SRR1062267	2	494087	14454
SRR1062268	2	491156	14629
SRR1062260	2	489110	14755
SRR1062266	2	487974	14675
SRR1062264	2	487810	14804
SRR1062259	2	487439	14614
SRR1062265	2	486234	14604
SRR1062261	2	485026	14658
SRR1062257	2	484867	14578
SRR1062269	2	484120	14593
SRR1062262	2	476725	14226
SRR1062319	2	419069	13601
SRR1062198	2	372136	12559
SRR1062315	2	359266	12504
SRR1062785	2	300522	9471
SRR1062772	2	299438	9376
SRR1062776	2	299160	9417
SRR1062780	2	298799	9360
SRR1062784	2	297149	9347
SRR1062781	2	297013	9356
SRR1062771	2	296949	9330
SRR1062779	2	295761	9295
SRR1062775	2	295437	9437
SRR1062770	2	295217	9323
SRR1062810	2	294875	9380
SRR1062768	2	294662	9437
SRR1062814	2	294480	9291
SRR1062799	2	294280	9372
SRR1062804	2	294149	9263
SRR1062783	2	294052	9325
SRR1062778	2	293376	9359
SRR1062774	2	292295	9307
SRR1062813	2	291699	9302
SRR1062803	2	291576	9309
SRR1062769	2	290550	9309
SRR1062808	2	290466	9285
SRR1062818	2	290352	9245
SRR1062782	2	290218	9322
SRR1062802	2	289937	9283
SRR1062767	2	289683	9186
SRR1062773	2	289259	9217
SRR1062817	2	288771	9256
SRR1062805	2	288042	9210
SRR1062806	2	287361	9222
SRR1062809	2	287159	9345
SRR1062801	2	287071	9300
SRR1062816	2	286912	9275
SRR1062800	2	286851	9293
SRR1062798	2	286754	9198
SRR1062815	2	286594	9173
SRR1062302	2	264137	13675
SRR1062311	2	198193	13277
SRR1062812	2	195597	9293
SRR1062807	2	195229	9258
SRR1062248	2	169954	9857
SRR1062777	2	167407	8049
SRR1062228	2	123071	10994
SRR1062237	2	122355	10898
SRR1062230	2	122164	11126
SRR1062234	2	122079	11114
SRR1062236	2	121937	11071
SRR1062235	2	121723	10908
SRR1062232	2	121477	11125
SRR1062226	2	121116	10956
SRR1062231	2	120826	10939
SRR1062233	2	120681	10822
SRR1062227	2	120465	10976
SRR1062221	2	90473	8943
SRR1062224	2	90428	8857
SRR1062219	2	89446	8905
SRR1062222	2	89356	8768
SRR1062223	2	89286	8901
SRR1062218	2	89216	8768
SRR1062216	2	89003	8864
SRR1062225	2	88823	8764
SRR1062220	2	88219	8793
SRR1062284	2	70709	8378
SRR1062217	2	52678	7239
SRR1062398	2	49270	7700
SRR1062811	2	9624	2114
SRR1062229	2	6778	2745
